conf_bin,accuracy
"(0.0, 0.1]",0.98
"(0.1, 0.2]",0.8888888888888888
"(0.2, 0.3]",0.75
"(0.3, 0.4]",0.6666666666666666
"(0.4, 0.5]",0.7142857142857143
"(0.5, 0.6]",0.8571428571428571
"(0.6, 0.7]",0.6666666666666666
"(0.7, 0.8]",0.875
"(0.8, 0.9]",0.8181818181818182
"(0.9, 1.0]",0.75
