last_level,FN,FP,TN,TP
0,0.09352517985611511,0.02158273381294964,0.7553956834532374,0.12949640287769784
1,0.058823529411764705,0.08235294117647059,0.7176470588235294,0.1411764705882353
